Metric,Value
Average Inference (ms),182.6556370808528
Total Time (s),99.72997784614563
FPS,5.474783127319243
