{
  "mAP": 0.4027701228624161,
  "detection": {
    "precision": 0.011227106227106227,
    "recall": 0.8896952104499274,
    "f1": 0.022174392736349004
  },
  "classification": {
    "accuracy": 0.11951439234696067,
    "precision": 0.24034998414528974,
    "recall": 0.11951439234696067,
    "f1": 0.1268875516762025
  },
  "per_class_AP": {
    "ants": 0.36591755558319666,
    "bees": 0.5012975262759437,
    "beetle": 0.4663733755818511,
    "catterpillar": 0.3118572366912025,
    "earthworms": 0.22874974598200257,
    "earwig": 0.4917195242940235,
    "grasshopper": 0.25096583551129004,
    "moth": 0.47810751627160786,
    "slug": 0.4056829150716339,
    "snail": 0.4277857969745332,
    "wasp": 0.49047693526489683,
    "weevil": 0.41430751084681067
  },
  "timing": {
    "avg_ms": 182.6556370808528,
    "total_s": 99.72997784614563,
    "fps": 5.474783127319243
  }
}