Metric,Value
Avg Inference (ms),165.06815393329103
Total Time (s),90.1272120475769
FPS,6.0581037357704375
