Class,AP
ants,0.36591755558319666
bees,0.5012975262759437
beetle,0.4663733755818511
catterpillar,0.3118572366912025
earthworms,0.22874974598200257
earwig,0.4917195242940235
grasshopper,0.25096583551129004
moth,0.47810751627160786
slug,0.4056829150716339
snail,0.4277857969745332
wasp,0.49047693526489683
weevil,0.41430751084681067
mAP,0.4027701228624161
Detection,P:0.011 R:0.890 F1:0.022
Classification,Acc:0.120 P:0.240 R:0.120 F1:0.127
