{
  "mAP": 0.4027701228624161,
  "detection": {
    "precision": 0.011227106227106227,
    "recall": 0.8896952104499274,
    "f1": 0.022174392736349004
  },
  "classification": {
    "accuracy": 0.11951439234696067,
    "precision": 0.24034998414528974,
    "recall": 0.11951439234696067,
    "f1": 0.1268875516762025
  },
  "timing": {
    "avg_ms": 165.06815393329103,
    "total_s": 90.1272120475769,
    "fps": 6.0581037357704375
  }
}