{
    "mAP": 0.11540241485938828,
    "precision": 0.029998247765891013,
    "recall": 0.6383296047677978,
    "f1": 0.05730352036359232,
    "accuracy": 0.02949689869054807,
    "timing": {
        "total_s": 857.0930707454681,
        "avg_ms": 782.7333979410668,
        "fps": 1.2775742067866784
    }
}