{
  "dataset": "Test",
  "total_images": 488,
  "mAP": 0.8874622290602546,
  "overall_metrics": {
    "accuracy": 0.8913934426229508,
    "precision": 0.8926456116519896,
    "recall": 0.8913934426229508,
    "f1": 0.8897331170736951,
    "auc": 0.0
  },
  "per_class_metrics": {
    "ants": {
      "precision": 0.8983050847457628,
      "recall": 0.9814814814814815,
      "f1": 0.9380530973451328,
      "accuracy": 0.9814814814814815
    },
    "bees": {
      "precision": 0.8809523809523809,
      "recall": 0.9024390243902439,
      "f1": 0.891566265060241,
      "accuracy": 0.9024390243902439
    },
    "beetle": {
      "precision": 0.9032258064516129,
      "recall": 0.7,
      "f1": 0.7887323943661971,
      "accuracy": 0.7
    },
    "catterpillar": {
      "precision": 0.8260869565217391,
      "recall": 0.7916666666666666,
      "f1": 0.8085106382978723,
      "accuracy": 0.7916666666666666
    },
    "earthworms": {
      "precision": 0.78125,
      "recall": 0.9259259259259259,
      "f1": 0.847457627118644,
      "accuracy": 0.9259259259259259
    },
    "earwig": {
      "precision": 0.9230769230769231,
      "recall": 0.8135593220338984,
      "f1": 0.8648648648648649,
      "accuracy": 0.8135593220338984
    },
    "grasshopper": {
      "precision": 0.8536585365853658,
      "recall": 0.9210526315789473,
      "f1": 0.8860759493670886,
      "accuracy": 0.9210526315789473
    },
    "moth": {
      "precision": 0.9565217391304348,
      "recall": 0.9777777777777777,
      "f1": 0.967032967032967,
      "accuracy": 0.9777777777777777
    },
    "slug": {
      "precision": 0.8666666666666667,
      "recall": 0.8478260869565217,
      "f1": 0.8571428571428571,
      "accuracy": 0.8478260869565217
    },
    "snail": {
      "precision": 0.9148936170212766,
      "recall": 0.9772727272727273,
      "f1": 0.945054945054945,
      "accuracy": 0.9772727272727273
    },
    "wasp": {
      "precision": 0.9574468085106383,
      "recall": 0.9782608695652174,
      "f1": 0.967741935483871,
      "accuracy": 0.9782608695652174
    }
  },
  "timing": {
    "average_prediction_duration_per_image_seconds": 0.01691175578162074,
    "total_prediction_duration_seconds": 0.27058809250593185,
    "average_inference_ms": 16.91175578162074,
    "fps": 59.13046598548769
  }
}