{
  "dataset": "Test",
  "total_images": 546,
  "mAP": 0.4027701228624161,
  "overall_metrics": {
    "precision": 0.011227106227106227,
    "recall": 0.8896952104499274,
    "f1": 0.022174392736349004
  },
  "per_class_metrics": {
    "ants": {
      "precision": 0.02341031319202784,
      "recall": 0.8505747126436781,
      "ap": 0.3659175555831966,
      "f1": 0.04556650246305419
    },
    "bees": {
      "precision": 0.011348981171008512,
      "recall": 1.0,
      "ap": 0.5012975262759437,
      "f1": 0.022443254271869422
    },
    "beetle": {
      "precision": 0.005369127516778523,
      "recall": 1.0,
      "ap": 0.4663733755818511,
      "f1": 0.010680907877169559
    },
    "catterpillar": {
      "precision": 0.009889799378355468,
      "recall": 0.7526881720430108,
      "ap": 0.3118572366912026,
      "f1": 0.019523079068470228
    },
    "earthworms": {
      "precision": 0.005981883438728423,
      "recall": 0.875,
      "ap": 0.22874974598200257,
      "f1": 0.011882532676964862
    },
    "earwig": {
      "precision": 0.016516129032258065,
      "recall": 0.8767123287671232,
      "ap": 0.4917195242940236,
      "f1": 0.03242147922998987
    },
    "grasshopper": {
      "precision": 0.010396178701882551,
      "recall": 0.6727272727272727,
      "ap": 0.25096583551129004,
      "f1": 0.020475926950747094
    },
    "moth": {
      "precision": 0.009181799632728015,
      "recall": 0.9574468085106383,
      "ap": 0.4781075162716079,
      "f1": 0.018189167340339533
    },
    "slug": {
      "precision": 0.009757110234585841,
      "recall": 0.9215686274509803,
      "ap": 0.40568291507163395,
      "f1": 0.019309778142974528
    },
    "snail": {
      "precision": 0.010269049086054631,
      "recall": 1.0,
      "ap": 0.4277857969745332,
      "f1": 0.020329335230737954
    },
    "wasp": {
      "precision": 0.012799564270152506,
      "recall": 1.0,
      "ap": 0.49047693526489694,
      "f1": 0.025275611723581604
    },
    "weevil": {
      "precision": 0.07516778523489932,
      "recall": 0.9655172413793104,
      "ap": 0.4143075108468106,
      "f1": 0.1394769613947696
    }
  }
}